Date,Open,high,Low,Close,Adj Close,Ton
5/31/2011,970,1000,950,973,973,15.3
6/1/2011,955,970,955,955,955,112.2
6/2/2011,940,940,930,942,942,28.05
6/3/2011,950,950,940,950,950,53.55
6/6/2011,960,962,960,960,960,33.15
6/7/2011,960,960,950,960,960,81.6
6/8/2011,945,945,945,945,945,5.1
6/9/2011,940,955,940,940,940,22.95
6/10/2011,943,945,943,943,943,10.2
6/13/2011,940,940,940,940,940,2.55
6/14/2011,940,940,930,940,940,40.8
6/15/2011,935,935,935,935,935,30.6
6/16/2011,930,930,930,930,930,73.95
6/17/2011,920,920,920,920,920,76.5
6/20/2011,910,915,910,910,910,30.6
6/21/2011,915,920,910,915,915,68.85
6/22/2011,910,915,910,910,910,25.5
6/23/2011,895,895,895,898,898,5.1
6/24/2011,900,900,900,910,910,25.5
6/27/2011,890,890,885,890,890,45.9
6/28/2011,855,860,855,855,855,40.8
6/29/2011,850,850,840,850,850,58.65
6/30/2011,850,855,850,850,850,71.4
7/1/2011,870,870,870,870,870,25.5
7/4/2011,914,914,880,914,914,7.65
7/5/2011,960,960,960,960,960,5.1
7/6/2011,1005,1008,1000,1005,1005,51
7/7/2011,1015,1015,1015,1020,1020,5.1
7/11/2011,1000,1000,1000,1000,1000,5.1
7/12/2011,1000,1000,1000,1000,1000,5.1
7/13/2011,1000,1000,980,1005,1005,7.65
7/14/2011,1000,1000,980,1000,1000,35.7
7/15/2011,1000,1000,1000,1020,1020,10.2
7/18/2011,1000,1000,1000,1000,1000,5.1
7/19/2011,1010,1010,1010,1010,1010,22.95
7/20/2011,1025,1025,1025,1025,1025,25.5
7/21/2011,1010,1010,1010,1010,1010,5.1
7/22/2011,1045,1045,1045,1050,1050,35.7
7/25/2011,1060,1060,1050,1062,1062,25.5
7/26/2011,1080,1080,1080,1080,1080,15.3
7/27/2011,1080,1080,1080,1080,1080,17.85
7/28/2011,1060,1075,1060,1060,1060,35.7
7/29/2011,1060,1060,1050,1063,1063,15.3
8/2/2011,1030,1030,1010,1030,1030,35.7
8/3/2011,1020,1020,1020,1025,1025,7.65
8/4/2011,1000,1000,1000,1010,1010,38.25
8/5/2011,975,975,965,975,975,45.9
8/8/2011,995,995,995,998,998,20.4
8/9/2011,1035,1040,1025,1035,1035,104.55
8/10/2011,1035,1040,1035,1035,1035,43.35
8/11/2011,1020,1020,1020,1020,1020,43.35
8/12/2011,1030,1030,1030,1030,1030,10.2
8/15/2011,1040,1040,1035,1040,1040,45.9
8/16/2011,1050,1060,1040,1050,1050,68.85
8/18/2011,1120,1120,1120,1120,1120,2.55
8/22/2011,1150,1150,1150,1150,1150,22.95
8/23/2011,1150,1150,1150,1150,1150,20.4
8/24/2011,1175,1175,1175,1175,1175,17.85
8/25/2011,1175,1175,1160,1175,1175,10.2
8/26/2011,1120,1130,1120,1120,1120,25.5
8/29/2011,1130,1130,1130,1130,1130,20.4
8/31/2011,1140,1140,1140,1140,1140,20.4
9/1/2011,1150,1150,1140,1150,1150,66.3
9/2/2011,1150,1150,1150,1150,1150,25.5
9/5/2011,1150,1150,1150,1150,1150,12.75
9/6/2011,1150,1150,1150,1150,1150,38.25
9/7/2011,1160,1160,1150,1160,1160,25.5
9/8/2011,1150,1160,1150,1150,1150,17.85
9/9/2011,1170,1170,1170,1170,1170,5.1
9/13/2011,1170,1170,1170,1170,1170,15.3
9/14/2011,1170,1175,1170,1170,1170,17.85
9/15/2011,1180,1180,1180,1180,1180,38.25
9/16/2011,1200,1200,1200,1203,1203,15.3
9/19/2011,1200,1200,1200,1200,1200,2.55
9/20/2011,1210,1210,1210,1210,1210,15.3
9/21/2011,1220,1220,1220,1220,1220,51
9/22/2011,1220,1220,1220,1220,1220,15.3
9/23/2011,1185,1200,1185,1187,1187,28.05
9/27/2011,1140,1140,1140,1140,1140,25.5
9/29/2011,1130,1130,1120,1133,1133,56.1
9/30/2011,1140,1150,1140,1140,1140,61.2
10/3/2011,1200,1200,1200,1205,1205,7.65
10/4/2011,1200,1200,1200,1200,1200,63.75
10/5/2011,1190,1200,1190,1190,1190,15.3
10/6/2011,1170,1170,1170,1173,1173,7.65
10/7/2011,1155,1155,1155,1155,1155,5.1
10/10/2011,1140,1140,1135,1142,1142,25.5
10/11/2011,1100,1105,1100,1103,1103,79.05
10/12/2011,1140,1140,1140,1140,1140,15.3
10/13/2011,1160,1160,1150,1163,1163,17.85
10/14/2011,1155,1155,1150,1155,1155,17.85
10/17/2011,1150,1150,1150,1150,1150,10.2
10/18/2011,1150,1150,1150,1150,1150,38.25
10/19/2011,1140,1140,1140,1140,1140,68.85
10/20/2011,1155,1155,1145,1155,1155,10.2
10/21/2011,1155,1155,1150,1155,1155,15.3
10/25/2011,1150,1150,1150,1150,1150,22.95
10/26/2011,1150,1150,1145,1150,1150,22.95
10/28/2011,1100,1100,1100,1100,1100,10.2
10/31/2011,1065,1065,1065,1065,1065,5.1
11/1/2011,1035,1045,1020,1035,1035,20.4
11/2/2011,1020,1020,1010,1020,1020,58.65
11/3/2011,990,990,970,990,990,43.35
11/4/2011,990,1010,990,990,990,5.1
11/7/2011,1050,1050,1050,1050,1050,35.7
11/8/2011,1100,1103,1100,1100,1100,17.85
11/9/2011,1130,1130,1130,1130,1130,7.65
11/10/2011,1140,1140,1140,1140,1140,10.2
11/15/2011,1180,1180,1180,1180,1180,10.2
11/16/2011,1180,1180,1180,1180,1180,5.1
11/17/2011,1127,1127,1127,1127,1127,2.55
11/18/2011,1140,1140,1130,1140,1140,15.3
11/21/2011,1140,1145,1140,1140,1140,15.3
11/22/2011,1140,1140,1140,1140,1140,30.6
11/23/2011,1150,1150,1140,1150,1150,15.3
11/24/2011,1140,1145,1135,1140,1140,25.5
11/25/2011,1140,1140,1140,1140,1140,15.3
11/28/2011,1140,1140,1140,1140,1140,5.1
11/29/2011,1135,1135,1135,1135,1135,5.1
11/30/2011,1125,1125,1125,1125,1125,7.65
12/1/2011,1125,1125,1125,1125,1125,15.3
12/2/2011,1125,1125,1120,1125,1125,25.5
12/5/2011,1130,1130,1130,1130,1130,30.6
12/6/2011,1120,1130,1120,1120,1120,38.25
12/7/2011,1120,1120,1120,1120,1120,5.1
12/8/2011,1100,1100,1100,1100,1100,22.95
12/9/2011,1100,1100,1100,1100,1100,17.85
12/12/2011,1115,1115,1100,1115,1115,25.5
12/13/2011,1130,1130,1120,1130,1130,15.3
12/14/2011,1135,1135,1135,1135,1135,20.4
12/15/2011,1145,1145,1115,1145,1145,12.75
12/16/2011,1150,1150,1145,1150,1150,30.6
12/19/2011,1142,1142,1142,1142,1142,12.75
12/20/2011,1140,1150,1140,1140,1140,17.85
12/21/2011,1140,1140,1140,1140,1140,12.75
12/22/2011,1140,1140,1140,1140,1140,12.75
12/23/2011,1140,1140,1140,1140,1140,10.2
12/26/2011,1140,1140,1140,1140,1140,5.1
12/27/2011,1130,1130,1130,1130,1130,25.5
12/28/2011,1125,1125,1125,1125,1125,25.5
12/29/2011,1120,1120,1110,1120,1120,22.95
12/30/2011,1100,1100,1100,1100,1100,25.5
1/2/2012,1100,1100,1100,1100,1100,10.2
1/3/2012,1120,1120,1110,1120,1120,25.5
1/4/2012,1113,1113,1110,1113,1113,28.05
1/5/2012,1110,1113,1110,1110,1110,58.65
1/6/2012,1125,1125,1120,1125,1125,10.2
1/9/2012,1140,1140,1140,1140,1140,10.2
1/10/2012,1185,1185,1185,1185,1185,22.95
1/11/2012,1200,1200,1200,1200,1200,9.74
1/12/2012,1200,1200,1200,1200,1200,7.65
1/13/2012,1200,1200,1200,1200,1200,5.1
1/17/2012,1180,1180,1180,1180,1180,2.55
1/18/2012,1170,1170,1170,1170,1170,15.3
1/19/2012,1160,1160,1150,1160,1160,28.05
1/23/2012,1180,1180,1160,1180,1180,17.85
1/25/2012,1165,1165,1160,1165,1165,28.05
1/26/2012,1155,1155,1145,1155,1155,12.75
1/27/2012,1110,1110,1110,1110,1110,61.2
1/30/2012,1140,1150,1135,1140,1140,25.5
1/31/2012,1145,1150,1145,1145,1145,10.2
2/1/2012,1150,1150,1135,1150,1150,22.95
2/2/2012,1130,1145,1130,1130,1130,22.95
2/3/2012,1140,1140,1140,1140,1140,33.15
2/6/2012,1150,1150,1150,1150,1150,15.3
2/7/2012,1160,1160,1160,1160,1160,40.8
2/8/2012,1160,1160,1155,1160,1160,53.55
2/9/2012,1160,1160,1160,1160,1160,15.3
2/10/2012,1160,1160,1160,1160,1160,7.65
2/13/2012,1170,1170,1160,1170,1170,38.25
2/14/2012,1165,1165,1165,1165,1165,15.3
2/15/2012,1180,1180,1180,1180,1180,20.4
2/16/2012,1200,1200,1200,1200,1200,5.1
2/17/2012,1200,1200,1200,1200,1200,15.3
2/20/2012,1180,1180,1180,1180,1180,10.2
2/22/2012,1160,1160,1145,1160,1160,15.3
2/23/2012,1120,1120,1120,1120,1120,7.65
2/24/2012,1120,1120,1120,1120,1120,15.3
2/27/2012,1130,1170,1130,1130,1130,25.5
2/28/2012,1175,1185,1175,1175,1175,20.4
2/29/2012,1165,1170,1165,1165,1165,7.65
3/5/2012,1165,1165,1150,1165,1165,7.65
3/6/2012,1160,1160,1160,1160,1160,2.55
3/8/2012,1130,1130,1130,1130,1130,10.2
3/12/2012,1040,1050,1040,1040,1040,28.05
3/14/2012,945,945,945,945,945,10.2
3/15/2012,897,900,897,897,897,76.5
3/16/2012,942,942,942,942,942,15.3
3/19/2012,990,990,990,990,990,48.45
3/20/2012,1040,1040,1040,1040,1040,51
3/21/2012,1060,1060,1050,1060,1060,30.6
3/22/2012,1050,1050,1050,1050,1050,22.95
3/28/2012,1040,1040,1040,1040,1040,15.3
3/30/2012,1035,1040,1025,1035,1035,28.05
4/4/2012,1040,1040,1040,1040,1040,20.4
4/5/2012,1035,1040,1030,1035,1035,17.85
4/9/2012,1020,1020,980,1020,1020,7.65
4/10/2012,1010,1010,990,1010,1010,43.35
4/11/2012,995,995,995,995,995,15.3
4/12/2012,980,985,980,980,980,33.15
4/16/2012,950,970,950,950,950,81.6
4/17/2012,960,980,960,960,960,58.65
4/18/2012,980,980,980,980,980,86.7
4/19/2012,980,980,960,980,980,38.25
4/20/2012,965,975,965,965,965,20.4
4/23/2012,955,955,955,955,955,20.4
4/24/2012,935,950,935,935,935,22.95
4/25/2012,925,925,925,925,925,12.75
4/26/2012,900,900,890,900,900,20.4
4/27/2012,860,860,850,860,860,63.75
4/30/2012,830,850,820,830,830,84.15
5/2/2012,800,810,800,800,800,84.15
5/3/2012,810,810,800,810,810,48.45
5/4/2012,810,810,810,810,810,30.6
5/7/2012,810,810,810,810,810,15.3
5/8/2012,800,800,800,800,800,5.1
5/9/2012,765,790,765,765,765,17.85
5/10/2012,700,700,700,700,700,2.55
5/11/2012,650,680,650,650,650,61.2
5/14/2012,650,650,650,650,650,2.55
5/15/2012,670,675,655,670,670,56.1
5/16/2012,725,730,725,725,725,58.65
5/17/2012,730,730,730,730,730,25.5
5/18/2012,700,730,700,700,700,10.2
5/21/2012,710,720,710,710,710,53.55
5/22/2012,720,720,700,720,720,61.2
5/23/2012,720,720,715,720,720,58.65
5/24/2012,725,725,720,725,725,76.5
5/25/2012,750,750,740,750,750,22.95
5/29/2012,760,760,760,760,760,5.1
5/30/2012,780,815,780,780,780,48.45
5/31/2012,850,850,840,850,850,48.45
6/1/2012,860,865,860,860,860,20.4
6/5/2012,700,800,700,700,700,45.9
6/6/2012,740,740,730,740,740,81.6
6/11/2012,730,740,730,730,730,71.4
6/12/2012,730,735,725,730,730,73.95
6/13/2012,700,730,700,700,700,43.35
6/18/2012,690,690,690,690,690,10.2
6/19/2012,660,665,655,660,660,91.8
6/20/2012,670,690,670,670,670,53.55
6/21/2012,670,670,670,670,670,28.05
6/22/2012,650,650,650,650,650,2.55
6/25/2012,650,660,650,650,650,56.1
6/26/2012,650,650,645,650,650,40.8
6/27/2012,650,650,640,650,650,79.05
6/28/2012,630,640,630,630,630,51
6/29/2012,620,625,620,620,620,38.25
7/2/2012,625,650,625,625,625,73.95
7/3/2012,670,670,670,670,670,20.4
7/4/2012,705,705,700,705,705,66.3
7/5/2012,720,730,720,720,720,53.55
7/6/2012,715,715,715,715,715,5.1
7/9/2012,675,675,675,675,675,48.45
7/10/2012,675,675,675,675,675,35.7
7/11/2012,695,700,680,695,695,79.05
7/12/2012,700,730,700,700,700,30.6
7/13/2012,720,720,720,720,720,15.3
7/16/2012,710,710,710,710,710,20.4
7/17/2012,700,700,700,700,700,2.55
7/18/2012,700,700,700,700,700,10.2
7/19/2012,690,690,690,690,690,15.3
7/20/2012,680,680,680,680,680,5.1
7/23/2012,680,690,680,680,680,10.2
7/24/2012,680,680,680,680,680,17.85
7/25/2012,670,675,660,670,670,38.25
7/27/2012,660,660,660,660,660,35.7
7/30/2012,620,640,620,620,620,38.25
7/31/2012,640,650,640,640,640,45.9
8/1/2012,670,670,660,670,670,30.6
8/2/2012,650,660,650,650,650,30.6
8/6/2012,650,650,640,650,650,66.3
8/7/2012,650,655,630,650,650,48.45
8/8/2012,650,650,640,650,650,114.75
8/9/2012,635,635,635,635,635,12.75
8/10/2012,645,645,640,645,645,53.55
8/13/2012,650,660,650,650,650,122.4
8/14/2012,670,675,670,670,670,56.1
8/15/2012,690,700,690,690,690,10.2
8/16/2012,700,700,700,700,700,38.25
8/17/2012,700,700,700,700,700,10.2
8/20/2012,690,690,690,690,690,5.1
8/22/2012,690,690,685,690,690,40.8
8/23/2012,690,690,690,690,690,20.4
8/24/2012,695,700,695,695,695,10.2
8/27/2012,700,700,700,700,700,20.4
8/28/2012,700,710,700,700,700,53.55
8/30/2012,720,720,720,720,720,17.85
8/31/2012,740,740,740,740,740,15.3
9/3/2012,740,740,730,740,740,20.4
9/4/2012,720,740,720,720,720,20.4
9/5/2012,740,740,740,740,740,28.05
9/6/2012,700,700,700,700,700,10.2
9/7/2012,720,720,710,720,720,51
9/10/2012,710,725,710,710,710,10.2
9/14/2012,760,760,740,760,760,33.15
9/17/2012,750,760,750,750,750,25.5
9/18/2012,760,760,760,760,760,7.65
9/19/2012,760,760,740,760,760,25.5
9/20/2012,740,740,740,740,740,28.05
9/21/2012,740,740,740,740,740,12.75
9/24/2012,735,735,735,735,735,10.2
9/25/2012,735,740,735,735,735,35.7
9/26/2012,730,730,730,730,730,25.5
9/28/2012,725,725,725,725,725,30.6
10/1/2012,740,740,740,740,740,10.2
10/2/2012,745,745,745,745,745,20.4
10/3/2012,750,750,750,750,750,5.1
10/4/2012,755,755,755,755,755,25.5
10/5/2012,750,750,750,750,750,5.1
10/9/2012,740,740,740,740,740,25.5
10/10/2012,740,740,735,740,740,40.8
10/11/2012,745,745,745,745,745,5.1
10/12/2012,740,740,740,740,740,30.6
10/15/2012,740,740,740,740,740,5.1
10/16/2012,740,740,740,740,740,15.3
10/17/2012,735,735,720,735,735,28.05
10/18/2012,720,720,720,720,720,12.75
10/19/2012,720,720,720,720,720,25.5
10/22/2012,720,720,720,720,720,15.3
10/23/2012,720,720,720,720,720,25.5
10/24/2012,710,720,710,710,710,20.4
10/29/2012,720,730,720,720,720,12.75
10/31/2012,730,730,730,730,730,15.3
11/1/2012,730,730,730,730,730,2.55
11/2/2012,720,730,720,720,720,7.65
11/5/2012,730,730,730,730,730,5.1
11/5/2012,730,730,720,730,730,19.47
11/6/2012,720,725,720,720,720,20.4
11/7/2012,720,720,720,720,720,10.2
11/8/2012,720,720,700,720,720,28.05
11/9/2012,700,700,700,700,700,12.75
11/12/2012,685,685,685,685,685,8.14
11/13/2012,680,685,670,680,680,71.4
11/14/2012,670,670,670,670,670,2.55
11/15/2012,670,670,660,670,670,30.6
11/16/2012,650,660,650,650,650,20.88
11/19/2012,650,655,650,650,650,25.5
11/20/2012,640,650,640,640,640,22.95
11/21/2012,640,640,630,640,640,33.15
11/22/2012,620,620,615,620,620,40.8
11/23/2012,600,600,600,600,600,20.4
11/26/2012,570,575,570,570,570,60.57
11/27/2012,550,560,550,550,550,45.9
11/28/2012,540,540,540,540,540,2.55
11/29/2012,540,540,540,540,540,33.63
11/30/2012,540,555,540,540,540,72.17
12/3/2012,560,560,560,560,560,12.75
12/4/2012,570,575,570,570,570,58.65
12/5/2012,590,590,585,590,590,43.35
12/6/2012,580,580,580,580,580,17.85
12/7/2012,550,580,550,550,550,10.2
12/10/2012,540,540,540,540,540,45.9
12/11/2012,520,565,520,520,520,55.86
12/12/2012,570,570,565,570,570,15.3
12/13/2012,565,565,560,565,565,35.7
12/14/2012,550,550,545,550,550,12.75
12/17/2012,545,545,545,545,545,28.05
12/18/2012,540,540,530,540,540,12.75
12/19/2012,530,535,520,530,530,38.25
12/20/2012,510,510,500,510,510,22.95
12/21/2012,490,490,490,490,490,22.95
12/24/2012,450,450,435,450,450,43.35
12/25/2012,450,450,450,450,450,12.75
12/26/2012,475,475,450,475,475,51
12/27/2012,500,530,500,500,500,37.28
12/28/2012,550,550,550,550,550,10.2
12/31/2012,550,550,550,550,550,5.1
1/1/2013,510,525,505,516,516,33.15
1/2/2013,500,500,500,500,500,25.5
1/3/2013,480,480,465,478,478,52.26
1/4/2013,510,530,510,523,523,22.95
1/9/2013,500,500,500,500,500,40.8
1/10/2013,500,500,500,500,500,14.71
1/11/2013,520,520,520,520,520,20.4
1/14/2013,530,540,530,535,535,70.3
1/15/2013,540,550,540,550,550,81.6
1/17/2013,520,520,520,520,520,5.1
1/18/2013,520,520,520,520,520,12.34
1/22/2013,500,520,500,503,503,33.81
1/23/2013,520,520,520,520,520,17.85
1/25/2013,510,520,510,517,517,28.25
1/29/2013,515,515,500,520,520,29.48
1/31/2013,480,500,480,485,485,48.45
2/5/2013,515,520,515,520,520,40.8
2/6/2013,525,525,520,525,525,40.8
2/7/2013,520,520,520,520,520,5.78
2/8/2013,520,525,520,521,521,26.71
2/11/2013,525,525,525,525,525,5.1
2/12/2013,525,525,525,525,525,7.65
2/13/2013,530,530,520,530,530,11.27
2/14/2013,520,520,520,520,520,12.75
2/15/2013,520,520,520,520,520,7.65
2/18/2013,520,520,500,510,510,12.75
2/19/2013,500,500,500,500,500,38.25
2/20/2013,480,500,480,490,490,9.35
2/21/2013,500,500,495,500,500,69.92
2/22/2013,500,500,500,496,496,6.29
2/25/2013,535,535,530,530,530,33.15
2/26/2013,555,560,555,560,560,28.05
3/1/2013,531,531,531,531,531,12.44
3/5/2013,530,535,530,532,532,44.71
3/6/2013,530,530,530,530,530,10.2
3/7/2013,520,520,520,522,522,20.4
3/8/2013,520,520,520,520,520,10.2
3/11/2013,520,520,515,515,515,34.32
3/12/2013,530,530,530,530,530,10.2
3/13/2013,540,540,540,540,540,10.2
3/15/2013,560,560,560,560,560,5.1
3/25/2013,530,530,530,525,525,33.15
3/26/2013,530,530,530,530,530,28.05
3/27/2013,540,540,540,540,540,20.4
3/28/2013,540,550,540,540,540,22.95
3/29/2013,540,540,540,540,540,11
4/2/2013,550,550,550,550,550,40.8
4/3/2013,555,555,555,555,555,5.1
4/4/2013,555,555,555,550,550,19.84
4/5/2013,562,562,555,555,555,9.1
4/8/2013,555,555,555,559,559,3.93
4/9/2013,560,560,560,560,560,10.2
4/10/2013,560,560,555,558,558,17.85
4/11/2013,560,560,550,560,560,11.44
4/12/2013,560,560,560,560,560,5.1
4/15/2013,560,560,560,560,560,10.2
4/16/2013,555,555,550,555,555,30.6
4/17/2013,550,560,550,553,553,12.75
4/18/2013,550,553,550,552,552,8.38
4/19/2013,550,550,550,550,550,17.85
4/22/2013,550,550,545,550,550,24.94
4/23/2013,555,555,550,554,554,38.25
4/24/2013,555,555,550,550,550,17.85
4/25/2013,550,550,545,545,545,28.05
4/26/2013,545,545,545,545,545,10.2
4/29/2013,545,545,545,545,545,5.1
4/30/2013,540,540,540,540,540,2.55
5/2/2013,525,535,525,525,525,33.15
5/6/2013,515,518,515,518,518,29.72
5/7/2013,520,523,520,522,522,63.22
5/8/2013,540,540,522,540,540,22.95
5/9/2013,555,555,555,555,555,43.35
5/10/2013,560,560,560,560,560,10.2
5/13/2013,560,570,560,563,563,20.4
5/14/2013,565,565,560,560,560,24.16
5/15/2013,570,570,570,565,565,53.55
5/16/2013,575,580,575,580,580,18.58
5/17/2013,585,585,585,585,585,15.3
5/20/2013,590,590,585,588,588,29.21
5/21/2013,600,610,600,605,605,46.99
5/22/2013,650,650,650,650,650,11.83
5/23/2013,650,650,650,656,656,12.75
5/24/2013,650,650,650,646,646,10.2
5/27/2013,630,635,630,632,632,15.3
5/29/2013,615,615,610,610,610,25.5
5/30/2013,610,610,610,610,610,9.38
5/31/2013,600,600,600,594,594,10.2
6/3/2013,580,590,580,585,585,45.9
6/4/2013,585,585,575,575,575,38.25
6/5/2013,580,580,575,578,578,30.6
6/6/2013,585,585,580,580,580,68.88
6/7/2013,590,600,590,590,590,45.9
6/10/2013,585,600,585,595,595,38.25
6/11/2013,600,600,600,600,600,25.5
6/12/2013,610,610,600,605,605,15.2
6/13/2013,610,615,610,615,615,26.21
6/14/2013,616,616,600,600,600,12.75
6/17/2013,585,600,585,585,585,28.05
6/18/2013,590,600,590,595,595,9.57
6/19/2013,595,595,585,590,590,12.75
6/20/2013,590,590,590,590,590,12.75
6/21/2013,590,590,580,580,580,30.6
6/24/2013,580,580,580,580,580,10.2
6/25/2013,580,580,570,580,580,34.46
6/26/2013,570,580,570,573,573,28.88
6/27/2013,560,570,560,570,570,22.95
6/28/2013,560,560,560,560,560,15.3
7/1/2013,550,550,550,550,550,5.1
7/2/2013,520,530,520,530,530,17.85
7/3/2013,500,510,485,500,500,87.02
7/4/2013,530,530,530,530,530,10.2
7/5/2013,530,530,520,528,528,36.64
7/8/2013,550,555,550,552,552,17.09
7/9/2013,570,580,570,573,573,29.19
7/10/2013,575,580,575,575,575,33.15
7/11/2013,575,575,565,568,568,40.8
7/12/2013,570,570,568,570,570,31.47
7/15/2013,570,570,570,570,570,15.3
7/16/2013,585,585,585,585,585,10.2
7/17/2013,600,600,600,600,600,38.25
7/19/2013,620,620,620,620,620,10.2
7/23/2013,600,600,600,600,600,15.3
7/25/2013,600,600,600,600,600,15.3
7/29/2013,580,580,580,580,580,15.3
7/30/2013,580,580,580,580,580,2.55
7/31/2013,600,600,600,600,600,5.1
8/2/2013,600,600,600,600,600,5.1
8/6/2013,590,590,590,590,590,26.79
8/7/2013,600,600,600,600,600,5.1
8/12/2013,600,600,595,595,595,30.6
8/13/2013,595,595,595,595,595,53.55
8/14/2013,595,595,595,595,595,15.3
8/15/2013,595,595,595,595,595,17.85
8/16/2013,595,595,595,595,595,7.65
8/19/2013,595,600,595,597,597,33.15
8/20/2013,600,600,598,600,600,73.95
8/21/2013,605,605,600,600,600,48.45
8/22/2013,605,605,600,602,602,20.4
8/23/2013,605,605,605,605,605,5.1
8/26/2013,605,605,600,600,600,8.08
8/27/2013,605,605,605,605,605,10.2
8/28/2013,600,600,600,600,600,7.65
9/2/2013,605,605,600,600,600,15.3
9/3/2013,605,605,600,600,600,13.79
9/4/2013,600,600,595,598,598,24.96
9/5/2013,595,600,595,600,600,9.72
9/6/2013,600,600,600,600,600,5.1
9/9/2013,600,602,595,598,598,34.44
9/10/2013,600,605,600,600,600,23.32
9/12/2013,600,600,600,600,600,38.25
9/13/2013,600,600,595,598,598,24.85
9/16/2013,580,580,580,580,580,10.2
9/17/2013,600,600,600,600,600,2.55
9/18/2013,595,595,580,595,595,45.9
9/19/2013,605,605,605,605,605,12.75
9/20/2013,630,640,630,635,635,9.37
9/23/2013,630,630,630,630,630,9.95
9/24/2013,630,630,630,630,630,30.6
9/25/2013,630,630,630,630,630,26.44
9/26/2013,630,630,630,630,630,20.4
9/30/2013,630,630,630,630,630,28.05
10/1/2013,630,630,620,620,620,14.43
10/2/2013,640,640,640,640,640,7.65
10/3/2013,645,645,645,645,645,15.3
10/4/2013,645,645,645,645,645,15.3
10/7/2013,645,647,642,645,645,66.66
10/8/2013,645,645,640,645,645,36.96
10/9/2013,650,650,650,650,650,10.2
10/10/2013,655,655,650,650,650,40.8
10/11/2013,650,650,650,650,650,17.85
10/14/2013,650,650,645,645,645,15.3
10/16/2013,650,650,640,640,640,40.8
10/17/2013,645,650,645,648,648,16.3
10/18/2013,645,645,645,645,645,22.95
10/18/2013,643,643,643,643,643,12.75
10/21/2013,630,630,630,630,630,5.1
10/21/2013,640,640,640,640,640,5.1
10/22/2013,630,630,620,620,620,56.1
10/23/2013,630,630,630,630,630,22.19
10/23/2013,630,630,630,630,630,20.4
10/24/2013,630,630,630,630,630,7.65
10/24/2013,630,630,630,630,630,28.05
10/25/2013,615,615,615,615,615,5.1
10/25/2013,620,620,610,617,617,15.3
10/28/2013,620,620,620,620,620,28.05
10/28/2013,620,620,620,620,620,5.1
10/29/2013,615,615,615,615,615,10.2
10/29/2013,625,625,610,615,615,51
10/30/2013,620,620,620,620,620,2.55
10/30/2013,615,620,615,618,618,22.95
10/31/2013,615,615,615,615,615,10.2
11/1/2013,615,615,615,615,615,10.2
11/4/2013,605,605,605,605,605,17.85
11/5/2013,605,605,600,600,600,58.65
11/6/2013,605,605,605,605,605,35.7
11/7/2013,600,600,590,595,595,28.05
11/8/2013,590,590,580,580,580,25.69
11/11/2013,580,580,570,580,580,17.07
11/12/2013,550,580,550,578,578,30.6
11/13/2013,575,580,575,580,580,35.7
11/14/2013,600,600,600,600,600,25.81
11/15/2013,610,610,610,610,610,12.75
11/18/2013,630,650,630,650,650,31.93
11/19/2013,650,650,650,650,650,7.65
11/21/2013,630,630,630,630,630,25.5
11/22/2013,620,620,620,620,620,17.85
11/25/2013,610,610,600,607,607,38.83
11/26/2013,600,600,600,600,600,5.1
11/27/2013,600,605,590,600,600,59.06
11/28/2013,625,625,625,625,625,11.15
11/29/2013,645,645,625,625,625,13.12
12/2/2013,635,645,625,635,635,33.15
12/3/2013,650,660,650,655,655,48.45
12/4/2013,670,670,670,670,670,7.65
12/6/2013,680,680,670,675,675,15.62
12/10/2013,680,680,680,680,680,20.4
12/11/2013,680,680,680,680,680,19.94
12/13/2013,670,680,670,680,680,25.5
12/16/2013,680,680,670,680,680,40.8
12/17/2013,690,690,690,690,690,43.35
12/18/2013,700,700,700,700,700,12.75
12/19/2013,715,715,715,715,715,28.05
12/23/2013,710,710,710,710,710,2.58
12/24/2013,735,735,735,735,735,15.3
12/25/2013,740,740,735,735,735,25.5
12/26/2013,740,740,740,740,740,7.65
12/30/2013,710,710,700,703,703,25.5
12/31/2013,680,680,670,680,680,34.58
1/1/2014,650,650,650,650,650,5.1
1/2/2014,630,630,630,630,630,15.3
1/3/2014,600,600,600,600,600,29.39
1/6/2014,610,630,600,620,620,52.65
1/8/2014,630,640,630,640,640,15.3
1/10/2014,700,700,700,700,700,3.81
1/14/2014,700,700,700,700,700,7.65
1/15/2014,690,700,680,700,700,28.05
1/16/2014,670,670,660,660,660,22.95
1/17/2014,650,670,650,660,660,52.92
1/20/2014,675,680,670,675,675,47.55
1/21/2014,690,690,690,690,690,40.8
1/22/2014,700,700,700,700,700,10.2
1/23/2014,700,710,690,690,690,35.7
1/24/2014,705,710,705,710,710,12.75
1/27/2014,710,710,710,710,710,10.2
1/29/2014,700,700,700,700,700,25.5
1/30/2014,730,730,700,730,730,49.54
1/31/2014,730,730,730,730,730,15.3
2/3/2014,720,720,720,720,720,33.15
2/4/2014,710,730,710,730,730,20.4
2/5/2014,730,730,730,730,730,5.1
2/6/2014,720,740,720,723,723,30.69
2/7/2014,725,725,725,725,725,5.1
2/10/2014,720,720,715,718,718,9.89
2/11/2014,700,700,700,700,700,5.1
2/12/2014,680,680,670,675,675,28.53
2/13/2014,695,695,695,695,695,10.2
2/14/2014,700,700,700,700,700,22.95
2/18/2014,720,720,715,718,718,13.26
2/19/2014,750,750,720,735,735,8.67
2/27/2014,820,820,820,820,820,6.39
3/5/2014,850,850,850,850,850,20.4
3/10/2014,850,850,830,830,830,28.05
3/11/2014,840,870,840,860,860,28.05
3/12/2014,870,870,870,870,870,5.1
3/13/2014,875,875,870,872,872,17.58
3/17/2014,910,910,910,910,910,9.4
3/18/2014,940,940,940,940,940,22.95
3/19/2014,945,945,945,945,945,7.65
3/20/2014,955,955,940,948,948,15.3
3/27/2014,830,840,830,833,833,15.3
3/28/2014,830,830,830,830,830,5.1
4/1/2014,850,850,850,850,850,5.1
4/2/2014,850,860,850,860,860,40.8
4/3/2014,860,860,860,860,860,5.1
4/4/2014,870,875,870,875,875,15.3
4/8/2014,920,920,920,920,920,7.65
4/9/2014,930,930,925,928,928,15.3
4/11/2014,900,900,900,900,900,5.1
4/14/2014,900,900,900,900,900,15.3
4/15/2014,900,900,890,900,900,22.95
4/16/2014,900,900,900,900,900,13.6
4/21/2014,900,900,890,890,890,13.58
4/22/2014,898,900,895,898,898,20.4
4/24/2014,930,950,920,950,950,38.25
4/25/2014,950,960,950,960,960,27.03
4/28/2014,960,960,940,940,940,15.3
4/30/2014,950,970,950,960,960,35.7
5/2/2014,970,970,970,970,970,23.53
5/6/2014,980,980,975,975,975,25.36
5/7/2014,995,995,995,995,995,7.65
5/8/2014,1015,1015,1010,1012,1012,49.95
5/12/2014,1030,1030,1025,1030,1030,26.38
5/13/2014,1040,1040,1040,1040,1040,33.15
5/14/2014,1040,1040,1040,1040,1040,5.1
5/15/2014,1015,1015,1010,1012,1012,15.3
5/16/2014,1020,1020,1020,1020,1020,7.65
5/19/2014,1000,1000,1000,1000,1000,20.4
5/20/2014,970,970,970,970,970,10.2
5/21/2014,950,950,920,935,935,44.06
5/22/2014,900,900,870,870,870,33.15
5/23/2014,860,860,860,860,860,6.78
5/26/2014,880,900,880,880,880,63.02
5/27/2014,940,945,900,905,905,61.2
5/29/2014,950,950,950,950,950,7.65
5/30/2014,955,955,950,952,952,7.65
6/2/2014,905,930,905,930,930,28.05
6/4/2014,865,870,860,860,860,55.2
6/5/2014,885,885,880,880,880,28.05
6/6/2014,870,870,850,855,855,12.75
6/9/2014,855,865,855,855,855,73.95
6/10/2014,860,860,860,860,860,5.1
6/11/2014,860,860,850,860,860,40.8
6/12/2014,880,880,880,880,880,20.4
6/13/2014,875,875,875,875,875,5.1
6/16/2014,860,860,860,860,860,2.55
6/17/2014,850,860,850,850,850,21.85
6/18/2014,840,840,835,840,840,22.95
6/19/2014,800,820,800,800,800,35.7
6/20/2014,800,800,790,790,790,25.5
6/23/2014,790,790,780,785,785,33.15
6/24/2014,800,800,770,787,787,68.85
6/25/2014,810,820,810,820,820,56.63
6/26/2014,820,820,800,810,810,17.85
6/27/2014,810,810,800,807,807,43.35
6/30/2014,770,780,770,775,775,10.2
7/3/2014,740,740,730,738,738,52.04
7/4/2014,740,750,740,745,745,44.39
7/7/2014,750,750,750,750,750,26.11
7/8/2014,770,780,770,770,770,40.8
7/9/2014,790,800,790,800,800,43.35
7/10/2014,800,800,800,800,800,33.15
7/14/2014,815,815,815,815,815,7.65
7/15/2014,810,815,810,812,812,5.1
7/16/2014,800,800,800,800,800,20.4
7/17/2014,805,805,800,804,804,27.23
7/21/2014,790,800,790,800,800,33.15
7/22/2014,760,780,760,780,780,25.5
7/23/2014,770,770,770,770,770,48.45
7/24/2014,770,780,770,780,780,27.83
7/25/2014,780,790,780,790,790,28.2
7/29/2014,795,810,795,807,807,38.25
7/30/2014,810,810,800,805,805,28.05
7/31/2014,820,820,800,800,800,17.85
8/1/2014,820,820,820,820,820,9.57
8/5/2014,835,835,835,835,835,10.2
8/6/2014,840,840,830,835,835,14.28
8/7/2014,825,830,825,825,825,20.4
8/8/2014,815,815,815,815,815,2.55
8/11/2014,790,800,790,795,795,15.3
8/12/2014,800,800,800,800,800,5.1
8/13/2014,800,800,800,800,800,38.25
8/14/2014,800,800,800,800,800,28.05
8/15/2014,800,800,800,800,800,11.48
8/18/2014,800,800,800,800,800,28.05
8/19/2014,800,800,800,800,800,22.95
8/20/2014,800,800,800,800,800,43.35
8/21/2014,810,810,800,800,800,54.4
8/22/2014,810,845,810,842,842,22.36
8/25/2014,850,850,850,850,850,5.1
8/29/2014,870,870,870,870,870,10.2
9/1/2014,860,860,860,860,860,5.1
9/3/2014,845,845,845,845,845,5.1
9/4/2014,850,850,840,850,850,35.7
9/5/2014,840,840,830,830,830,10.57
9/8/2014,830,830,800,800,800,22.41
9/9/2014,810,810,810,810,810,25.5
9/10/2014,810,820,810,815,815,22.95
9/12/2014,810,810,810,810,810,35.7
9/15/2014,800,800,800,800,800,22.95
9/17/2014,800,800,800,800,800,68.85
9/18/2014,800,800,795,800,800,53.55
9/19/2014,800,810,800,805,805,68.85
9/22/2014,810,815,810,815,815,28.05
9/23/2014,820,820,810,820,820,51
9/24/2014,825,830,825,825,825,35.7
9/25/2014,835,835,835,835,835,20.4
9/26/2014,835,835,830,835,835,22.95
9/29/2014,840,840,840,840,840,15.42
10/2/2014,850,850,850,850,850,5.1
10/3/2014,825,825,825,825,825,3.25
10/6/2014,835,835,835,835,835,26.37
10/7/2014,870,870,870,870,870,7.65
10/8/2014,885,890,885,888,888,35.7
10/9/2014,890,890,890,890,890,12.75
10/10/2014,900,900,900,900,900,12.75
10/13/2014,910,910,910,910,910,17.85
10/14/2014,920,930,915,930,930,38.25
10/15/2014,935,935,935,935,935,10.2
10/16/2014,950,950,950,950,950,22.95
10/17/2014,950,950,950,950,950,2.55
10/20/2014,950,950,950,950,950,10.2
10/21/2014,910,910,910,910,910,44.44
10/22/2014,930,930,930,930,930,40.8
10/23/2014,920,930,920,930,930,45.9
10/27/2014,920,930,920,930,930,36.14
10/28/2014,930,930,920,920,920,25.5
10/29/2014,920,920,910,913,913,43.35
10/30/2014,915,920,905,915,915,44.42
10/31/2014,920,920,910,920,920,13.96
11/3/2014,940,940,910,932,932,86.7
11/4/2014,920,920,920,920,920,15.3
11/5/2014,930,940,925,925,925,49.1
11/6/2014,925,930,925,930,930,40.8
11/10/2014,940,950,940,950,950,34.82
11/11/2014,950,960,950,955,955,25.5
11/12/2014,960,960,960,960,960,10.2
11/13/2014,930,930,930,930,930,5.1
11/18/2014,920,920,910,910,910,25.5
11/19/2014,910,920,910,920,920,17.85
11/21/2014,930,930,930,930,930,15.3
11/24/2014,930,930,920,920,920,17.85
11/25/2014,945,945,945,945,945,7.65
11/26/2014,960,960,960,960,960,3.77
11/27/2014,960,960,960,960,960,5.1
12/1/2014,945,945,945,945,945,10.2
12/2/2014,920,930,920,925,925,10.2
12/3/2014,890,890,890,890,890,4.3
12/4/2014,885,885,885,885,885,2.55
12/5/2014,870,870,870,870,870,20.4
12/8/2014,870,870,865,865,865,33.15
12/9/2014,900,910,900,900,900,15.3
12/10/2014,920,920,910,910,910,20.4
12/11/2014,930,930,920,920,920,12.75
12/12/2014,920,920,920,920,920,2.55
12/16/2014,920,920,915,920,920,10.2
12/17/2014,900,900,900,900,900,15.3
12/18/2014,900,900,900,900,900,44.86
12/19/2014,880,900,880,893,893,38.25
12/22/2014,920,920,920,920,920,5.1
12/23/2014,925,925,920,925,925,56.1
12/24/2014,920,920,920,920,920,5.1
12/25/2014,935,935,935,935,935,5.1
12/26/2014,920,920,900,905,905,40.8
12/30/2014,920,920,890,890,890,10.2
12/31/2014,880,880,875,875,875,12.75
1/1/2015,850,850,850,850,850,2.55
1/2/2015,850,850,850,850,850,20.4
1/5/2015,860,860,860,860,860,53.55
1/6/2015,860,860,860,860,860,50.8
1/8/2015,870,870,870,870,870,35.7
1/9/2015,870,870,870,870,870,9.66
1/12/2015,860,860,860,860,860,10.2
1/13/2015,850,850,850,850,850,38.25
1/14/2015,840,840,830,830,830,10.91
1/15/2015,830,830,825,830,830,28.05
1/16/2015,820,820,815,815,815,28.05
1/20/2015,810,810,800,805,805,8.99
1/21/2015,815,815,815,815,815,7.65
1/22/2015,800,800,790,800,800,79.05
1/26/2015,830,840,830,840,840,12.75
1/27/2015,860,870,850,870,870,17.39
1/28/2015,885,885,885,885,885,7.19
1/29/2015,890,890,890,890,890,5.1
1/30/2015,900,900,900,900,900,5.1
2/2/2015,900,900,900,900,900,7.65
2/4/2015,900,900,900,900,900,10.2
2/5/2015,900,900,900,900,900,5.1
2/11/2015,840,840,840,840,840,25.5
2/12/2015,845,845,845,845,845,15.3
2/13/2015,835,835,835,835,835,12.75
2/17/2015,800,800,800,800,800,33.58
2/18/2015,810,810,800,800,800,76.31
2/19/2015,820,830,820,830,830,23.63
2/20/2015,850,850,850,850,850,12.26
2/23/2015,850,850,850,850,850,10.2
2/24/2015,850,850,850,850,850,2.55
2/25/2015,850,850,850,850,850,2.55
2/26/2015,850,850,850,850,850,7.65
2/27/2015,850,850,850,850,850,5.1
3/3/2015,850,850,850,850,850,43.18
3/4/2015,860,860,860,860,860,4.83
3/10/2015,850,850,840,847,847,17.85
3/12/2015,830,830,830,830,830,2.55
3/13/2015,830,830,825,830,830,31.79
3/18/2015,845,845,845,845,845,5.1
3/19/2015,845,845,845,845,845,3.13
3/20/2015,850,850,850,850,850,10.2
3/24/2015,860,860,860,860,860,5.1
3/25/2015,875,875,875,875,875,7.65
3/26/2015,870,870,865,865,865,10.2
3/30/2015,810,810,780,780,780,22.95
3/31/2015,770,770,750,757,757,59.14
4/1/2015,780,780,760,760,760,49.76
4/2/2015,760,800,760,760,760,38.25
4/3/2015,790,800,790,800,800,7.65
4/6/2015,770,770,770,770,770,5.1
4/7/2015,780,780,780,780,780,5.1
4/8/2015,780,780,770,775,775,48.45
4/13/2015,765,765,760,760,760,15.3
4/14/2015,760,760,750,755,755,71.28
4/15/2015,770,770,760,770,770,49.28
4/16/2015,780,780,780,780,780,22.95
4/21/2015,765,765,765,765,765,10.2
4/23/2015,770,770,770,770,770,17.85
4/24/2015,765,765,765,765,765,2.55
4/29/2015,785,785,785,785,785,5.1
4/30/2015,780,780,780,780,780,35.7
5/4/2015,780,780,780,780,780,30.04
5/6/2015,790,790,790,790,790,30.6
5/7/2015,780,780,780,780,780,5.8
5/11/2015,780,780,780,780,780,5.1
5/12/2015,770,770,770,770,770,5.1
5/14/2015,750,750,750,750,750,5.1
5/15/2015,760,760,760,760,760,5.1
5/19/2015,750,750,740,740,740,17.85
5/20/2015,730,730,730,730,730,20.4
5/21/2015,710,720,710,720,720,17.85
5/22/2015,720,720,700,700,700,18.77
5/25/2015,690,690,690,690,690,2.55
5/27/2015,600,610,600,605,605,76.5
5/29/2015,590,590,590,590,590,33.15
6/1/2015,580,580,580,580,580,5.83
6/2/2015,590,600,590,600,600,7.38
6/4/2015,690,700,690,700,700,15.3
6/8/2015,690,690,680,685,685,20.4
6/10/2015,660,660,650,655,655,33.15
6/11/2015,645,645,635,635,635,14.69
6/12/2015,640,640,640,640,640,15.3
6/15/2015,640,660,640,660,660,29.72
6/17/2015,660,670,660,670,670,22.95
6/18/2015,670,670,670,670,670,10.2
6/19/2015,660,660,655,655,655,10.2
6/22/2015,640,640,640,640,640,15.3
6/23/2015,650,650,640,647,647,33
6/24/2015,660,660,660,660,660,22.95
6/25/2015,670,670,670,670,670,43.35
6/26/2015,650,650,650,650,650,25.5
6/30/2015,640,640,630,632,632,32.56
7/1/2015,610,610,610,610,610,17.85
7/2/2015,620,620,610,620,620,61.2
7/3/2015,610,620,610,613,613,26.16
7/6/2015,615,615,610,610,610,13.6
7/7/2015,620,620,620,620,620,25.5
7/8/2015,650,650,630,640,640,51.02
7/9/2015,655,655,655,655,655,5.1
7/10/2015,645,650,640,645,645,28.93
7/13/2015,640,645,640,642,642,17.85
7/14/2015,655,655,655,655,655,5.1
7/15/2015,660,660,655,655,655,7.65
7/16/2015,660,670,660,660,660,45.39
7/20/2015,620,625,620,625,625,20.74
7/21/2015,640,640,620,640,640,27.54
7/22/2015,650,653,650,653,653,20.4
7/23/2015,650,652,650,652,652,12.75
7/27/2015,630,650,630,650,650,28.05
7/28/2015,640,640,640,640,640,30.35
7/29/2015,650,660,650,660,660,20.4
7/30/2015,650,650,650,650,650,28.05
7/31/2015,630,630,630,630,630,7.65
8/3/2015,650,650,650,650,650,7.65
8/4/2015,600,610,600,610,610,17.85
8/5/2015,610,610,610,610,610,10.2
8/6/2015,610,610,610,610,610,15.3
8/7/2015,590,600,590,595,595,13.84
8/11/2015,580,580,580,580,580,22.95
8/13/2015,590,600,590,600,600,33.15
8/14/2015,600,600,593,593,593,10.2
8/17/2015,590,590,590,590,590,15.3
8/18/2015,590,590,590,590,590,12.75
8/19/2015,600,600,600,600,600,5.1
8/20/2015,602,602,602,602,602,17.85
8/24/2015,605,605,600,603,603,23.82
8/25/2015,590,590,590,590,590,5.1
8/31/2015,510,510,490,490,490,20.4
9/1/2015,500,501,490,495,495,45.9
9/2/2015,500,510,500,510,510,22.95
9/3/2015,530,530,530,530,530,5.1
9/4/2015,551,555,551,553,553,22.95
9/7/2015,570,571,570,570,570,25.5
9/9/2015,570,570,570,570,570,15.3
9/10/2015,585,585,585,585,585,17.85
9/15/2015,595,600,595,600,600,25.5
9/17/2015,650,650,650,650,650,5.1
9/18/2015,670,670,670,670,670,10.2
9/21/2015,672,672,670,670,670,20.4
9/22/2015,654,654,630,640,640,15.3
9/23/2015,640,640,620,621,621,17.85
9/25/2015,650,650,626,628,628,17.85
9/29/2015,650,650,631,638,638,45.9
9/30/2015,655,665,655,664,664,43.35
10/1/2015,675,675,665,670,670,66.3
10/2/2015,666,666,651,655,655,56.1
10/5/2015,655,655,640,640,640,30.6
10/6/2015,630,630,629,630,630,25.5
10/7/2015,640,640,640,640,640,38.25
10/8/2015,655,660,655,655,655,35.7
10/9/2015,700,700,656,656,656,10.2
10/12/2015,660,660,655,658,658,7.65
10/13/2015,661,661,660,660,660,25.5
10/14/2015,665,670,660,670,670,20.4
10/15/2015,685,685,680,681,681,15.3
10/19/2015,690,690,650,650,650,40.8
10/20/2015,640,640,626,626,626,40.8
10/21/2015,615,615,615,615,615,33.15
10/22/2015,600,600,600,600,600,38.25
10/23/2015,605,610,605,608,608,20.4
10/27/2015,622,625,622,625,625,45.9
10/28/2015,631,631,630,630,630,28.05
10/29/2015,620,620,620,620,620,2.55
10/30/2015,590,590,580,583,583,10.2
11/2/2015,600,600,590,593,593,40.8
11/3/2015,595,595,590,590,590,28.05
11/4/2015,588,588,587,587,587,7.65
11/5/2015,590,590,582,582,582,35.7
11/6/2015,570,570,568,569,569,10.2
11/9/2015,550,550,550,550,550,2.55
11/10/2015,500,500,492,495,495,73.95
11/11/2015,510,520,510,520,520,40.8
11/12/2015,562,570,562,567,567,20.4
11/13/2015,590,590,580,580,580,43.35
11/16/2015,555,555,555,555,555,15.3
11/18/2015,570,570,570,570,570,22.95
11/19/2015,570,570,563,565,565,22.95
11/20/2015,555,555,550,550,550,22.95
11/23/2015,535,535,535,535,535,7.65
11/24/2015,550,552,549,549,549,63.75
11/25/2015,550,550,549,550,550,48.45
11/26/2015,560,560,560,560,560,28.05
11/27/2015,570,570,560,565,565,20.4
11/30/2015,550,550,545,546,546,28.05
12/1/2015,550,550,550,550,550,7.65
12/2/2015,560,561,560,560,560,28.05
12/3/2015,560,560,560,560,560,17.85
12/4/2015,550,560,550,560,560,25.5
12/7/2015,560,560,560,560,560,5.1
12/8/2015,560,570,560,570,570,35.7
12/9/2015,600,610,600,610,610,28.05
12/11/2015,585,585,580,580,580,15.3
12/14/2015,575,575,575,575,575,10.2
12/15/2015,590,590,575,575,575,10.2
12/16/2015,550,550,550,550,550,2.55
12/17/2015,560,560,555,557,557,22.95
12/18/2015,545,545,540,542,542,7.65
12/21/2015,530,530,530,530,530,12.75
12/24/2015,540,540,525,525,525,28.05
12/28/2015,530,539,530,539,539,58.65
12/29/2015,550,550,550,550,550,45.9
12/30/2015,560,560,555,555,555,51
12/31/2015,565,565,550,551,551,43.35
1/1/2016,550,550,535,535,535,30.6
1/4/2016,525,525,519,520,520,22.95
1/5/2016,530,530,527,530,530,28.05
1/6/2016,525,527,516,520,520,40.8
1/8/2016,500,500,500,500,500,20.4
1/11/2016,501,506,501,502,502,73.95
1/12/2016,500,505,500,500,500,61.2
1/13/2016,500,500,495,495,495,40.8
1/14/2016,495,505,495,505,505,66.3
1/15/2016,510,515,510,513,513,45.9
1/18/2016,500,500,500,500,500,30.6
1/19/2016,506,506,504,505,505,25.5
1/21/2016,500,500,499,500,500,25.5
1/22/2016,500,501,499,499,499,45.9
1/25/2016,495,495,490,490,490,40.8
1/26/2016,495,500,495,495,495,71.4
1/27/2016,500,500,500,500,500,56.1
1/28/2016,506,510,506,510,510,51
1/29/2016,515,515,515,515,515,10.2
2/1/2016,510,510,510,510,510,5.1
2/2/2016,500,500,500,500,500,2.55
2/4/2016,500,500,500,500,500,5.1
2/8/2016,505,506,503,506,506,15.3
2/9/2016,495,495,490,490,490,45.9
2/11/2016,480,480,480,480,480,20.4
2/15/2016,470,473,470,470,470,89.25
2/16/2016,480,485,480,485,485,22.95
2/17/2016,489,490,487,487,487,38.25
2/18/2016,500,500,490,490,490,12.75
2/24/2016,490,490,485,485,485,30.6
2/25/2016,480,480,480,480,480,10.2
2/29/2016,450,450,445,448,448,25.5
3/1/2016,440,450,440,450,450,68.85
3/3/2016,470,470,470,470,470,30.6
3/4/2016,460,460,460,460,460,7.65
3/7/2016,460,460,455,455,455,12.75
3/8/2016,459,460,459,460,460,38.25
3/9/2016,470,470,470,470,470,15.3
3/10/2016,475,475,474,474,474,20.4
3/11/2016,460,460,460,460,460,7.65
3/14/2016,440,460,440,460,460,51
3/15/2016,470,490,470,485,485,71.4
3/16/2016,530,550,530,543,543,45.9
3/18/2016,555,555,550,550,550,28.05
3/21/2016,550,555,550,553,553,15.3
3/24/2016,515,515,500,501,501,43.35
3/25/2016,500,500,500,500,500,17.85
3/28/2016,475,517,475,500,500,51
3/29/2016,500,500,500,500,500,10.2
3/30/2016,500,500,500,500,500,30.6
3/31/2016,500,500,500,500,500,10.2
4/4/2016,500,500,500,500,500,5.1
4/5/2016,515,515,515,515,515,5.1
4/7/2016,525,525,525,525,525,7.65
4/8/2016,520,520,520,520,520,17.85
4/11/2016,510,510,490,490,490,28.05
4/12/2016,505,505,505,505,505,15.3
4/13/2016,505,510,505,510,510,58.65
4/18/2016,515,520,510,515,515,17.85
4/19/2016,525,525,520,522,522,17.85
4/20/2016,530,530,530,530,530,5.1
4/21/2016,515,520,481,499,499,48.45
4/27/2016,480,480,470,470,470,30.6
4/28/2016,470,470,470,470,470,30.6
5/3/2016,491,491,485,485,485,28.05
5/4/2016,490,490,490,490,490,2.55
5/6/2016,471,471,470,470,470,15.3
5/9/2016,500,500,490,500,500,38.25
5/10/2016,550,550,500,500,500,17.85
5/11/2016,530,535,530,535,535,7.65
5/12/2016,540,540,540,540,540,28.05
5/13/2016,540,540,540,540,540,10.2
5/17/2016,540,540,540,540,540,20.4
5/18/2016,531,531,530,530,530,17.85
5/19/2016,540,540,539,539,539,43.35
5/20/2016,540,550,540,550,550,20.4
5/23/2016,570,570,570,570,570,7.65
5/25/2016,560,570,560,570,570,22.95
5/26/2016,590,590,580,580,580,17.85
5/27/2016,570,570,570,570,570,7.65
5/31/2016,560,560,560,560,560,28.05
6/1/2016,542,550,542,549,549,40.8
6/2/2016,547,572,542,543,543,58.65
6/3/2016,535,535,530,535,535,30.6
6/6/2016,540,540,540,540,540,38.25
6/7/2016,550,550,546,549,549,40.8
6/9/2016,550,550,548,548,548,17.85
6/10/2016,540,540,540,540,540,5.1
6/13/2016,530,530,530,530,530,2.55
6/14/2016,535,535,530,532,532,12.75
6/15/2016,500,500,500,500,500,30.6
6/16/2016,500,500,495,496,496,25.5
6/17/2016,510,510,505,510,510,43.35
6/20/2016,520,520,519,520,520,61.2
6/21/2016,535,540,535,536,536,15.3
6/22/2016,560,560,560,560,560,15.3
6/27/2016,520,520,520,520,520,20.4
6/29/2016,481,490,480,482,482,28.05
6/30/2016,481,481,480,480,480,10.2
7/1/2016,500,504,500,504,504,63.75
7/4/2016,500,500,490,492,492,28.05
7/5/2016,500,500,500,500,500,28.05
7/7/2016,500,500,495,495,495,61.2
7/8/2016,490,493,490,490,490,40.8
7/11/2016,500,500,498,498,498,68.85
7/12/2016,510,515,510,514,514,35.7
7/13/2016,540,540,540,540,540,28.05
7/19/2016,600,610,600,610,610,17.85
7/21/2016,650,650,650,650,650,17.85
7/26/2016,650,650,650,650,650,25.5
7/27/2016,650,656,650,656,656,76.5
7/28/2016,655,655,650,655,655,48.45
7/29/2016,655,655,655,655,655,10.2
8/1/2016,660,660,660,660,660,5.1
8/2/2016,660,665,660,660,660,63.75
8/3/2016,660,660,640,642,642,38.25
8/4/2016,630,630,625,625,625,38.25
8/5/2016,630,650,630,650,650,7.65
8/8/2016,640,645,639,642,642,38.25
8/9/2016,650,660,649,660,660,51
8/10/2016,690,690,690,690,690,10.2
8/11/2016,710,710,710,710,710,15.3
8/12/2016,710,710,710,710,710,2.55
8/15/2016,716,720,716,720,720,28.05
8/16/2016,720,720,720,720,720,7.65
8/18/2016,731,735,731,734,734,15.3
8/19/2016,755,755,755,755,755,5.1
8/22/2016,735,735,735,735,735,5.1
8/23/2016,710,710,710,710,710,5.1
8/25/2016,700,700,700,700,700,7.65
8/26/2016,730,730,725,725,725,7.65
8/29/2016,725,725,725,725,725,15.3
8/30/2016,728,735,728,735,735,15.3
8/31/2016,730,730,730,730,730,5.1
9/1/2016,710,710,709,709,709,10.2
9/2/2016,690,690,690,690,690,5.1
9/5/2016,680,680,680,680,680,5.1
9/6/2016,680,680,675,679,679,25.5
9/7/2016,650,650,640,640,640,22.95
9/8/2016,650,650,635,645,645,17.85
9/9/2016,640,650,640,642,642,22.95
9/14/2016,605,605,605,605,605,25.5
9/15/2016,605,610,600,610,610,63.75
9/16/2016,610,620,610,620,620,22.95
9/20/2016,644,645,630,630,630,51
9/21/2016,660,660,660,660,660,17.85
9/22/2016,670,670,665,670,670,17.85
9/26/2016,663,675,663,675,675,45.9
10/3/2016,750,750,750,750,750,17.85
10/4/2016,750,750,750,750,750,2.55
10/6/2016,740,740,740,740,740,5.1
10/7/2016,745,745,745,745,745,2.55
10/11/2016,750,751,750,750,750,33.15
10/13/2016,730,730,725,725,725,17.85
10/17/2016,735,735,700,700,700,25.5
10/18/2016,700,700,695,695,695,48.45
10/19/2016,700,700,698,698,698,25.5
10/20/2016,700,700,700,700,700,40.8
10/21/2016,700,700,700,700,700,15.3
10/24/2016,700,700,700,700,700,2.55
10/25/2016,750,750,730,732,732,20.4
10/26/2016,720,720,710,710,710,15.3
10/27/2016,710,710,700,700,700,15.3
10/28/2016,720,720,720,720,720,7.65
10/31/2016,660,660,660,660,660,5.1
11/1/2016,688,700,685,700,700,22.95
11/2/2016,680,680,669,670,670,96.9
11/3/2016,700,700,690,695,695,7.65
11/4/2016,690,690,690,690,690,12.75
11/7/2016,700,706,700,706,706,38.25
11/8/2016,700,700,700,700,700,45.9
11/9/2016,700,700,700,700,700,2.55
11/10/2016,715,720,715,720,720,45.9
11/11/2016,700,700,700,700,700,5.1
11/14/2016,700,700,690,690,690,7.65
11/16/2016,680,680,679,680,680,15.3
11/17/2016,670,700,670,680,680,40.8
11/18/2016,680,680,680,680,680,7.65
11/21/2016,685,685,681,683,683,71.4
11/22/2016,680,681,680,685,685,51
11/23/2016,680,680,680,680,680,7.65
11/24/2016,680,680,678,678,678,20.4
11/25/2016,680,680,680,680,680,2.55
11/29/2016,650,650,650,650,650,45.9
11/30/2016,660,674,660,674,674,15.3
12/1/2016,670,670,670,670,670,20.4
12/2/2016,675,675,675,675,675,7.65
12/7/2016,650,650,640,640,640,15.3
12/8/2016,640,640,640,640,640,5.1
12/13/2016,625,625,610,610,610,56.1
12/14/2016,625,625,620,625,625,33.15
12/15/2016,630,680,630,680,680,96.9
12/16/2016,700,702,700,702,702,48.45
12/19/2016,700,700,695,695,695,20.4
12/20/2016,700,700,695,697,697,22.95
12/21/2016,700,700,700,700,700,33.15
12/22/2016,690,690,690,690,690,7.65
12/23/2016,675,675,675,675,675,22.95
12/26/2016,680,680,679,680,680,56.1
12/27/2016,675,676,674,675,675,40.8
12/28/2016,670,670,660,664,664,40.8
12/29/2016,645,650,640,645,645,12.75
12/30/2016,642,642,640,641,641,30.6
1/4/2017,700,700,700,700,700,20.4
1/5/2017,700,700,698,698,698,25.5
1/9/2017,685,691,685,690,690,38.25
1/10/2017,680,680,680,680,680,45.9
1/11/2017,700,700,700,700,700,7.65
1/12/2017,690,700,690,700,700,63.75
1/17/2017,710,710,700,700,700,73.95
1/18/2017,705,720,705,720,720,30.6
1/23/2017,735,735,730,733,733,10.2
1/24/2017,700,715,700,715,715,56.1
1/25/2017,750,770,750,770,770,28.05
1/31/2017,770,770,757,767,767,20.4
2/1/2017,728,728,728,728,728,5.1
2/1/2017,735,735,728,728,728,33.15
2/2/2017,710,710,704,706,706,84.15
2/3/2017,737,742,737,742,742,38.25
2/6/2017,780,780,780,780,780,15.3
2/7/2017,730,730,730,730,730,7.65
2/7/2017,760,760,760,760,760,5.1
2/8/2017,780,780,780,780,780,38.25
2/9/2017,770,772,770,771,771,30.6
2/10/2017,770,770,755,762,762,51
2/13/2017,765,770,760,761,761,53.55
2/14/2017,794,794,780,780,780,33.15
2/20/2017,760,760,760,760,760,5.1
2/21/2017,735,735,730,732,732,12.75
2/22/2017,720,750,720,750,750,15.3
2/23/2017,780,780,780,780,780,12.75
2/28/2017,770,770,770,770,770,5.1
3/1/2017,750,750,750,750,750,2.55
3/3/2017,760,765,760,762,762,10.2
3/6/2017,760,780,760,767,767,12.75
3/7/2017,770,771,770,771,771,12.75
3/8/2017,780,785,780,780,780,17.85
3/13/2017,785,785,785,785,785,5.1
3/14/2017,785,791,785,791,791,38.25
3/15/2017,790,790,790,790,790,7.65
3/20/2017,830,831,830,831,831,12.75
3/22/2017,800,820,800,810,810,10.2
3/23/2017,780,780,780,780,780,12.75
3/24/2017,765,770,765,770,770,12.75
3/27/2017,745,745,745,745,745,17.85
3/28/2017,726,734,726,730,730,43.35
3/29/2017,710,710,695,695,695,25.5
3/30/2017,720,720,720,720,720,10.2
3/31/2017,720,720,720,720,720,7.65
4/3/2017,731,731,730,730,730,10.2
4/4/2017,728,728,728,728,728,7.65
4/5/2017,721,725,720,722,722,17.85
4/7/2017,700,700,699,700,700,10.2
4/10/2017,665,665,665,665,665,17.85
4/13/2017,650,650,650,650,650,7.65
4/17/2017,660,670,660,662,662,22.95
4/24/2017,685,685,680,683,683,7.65
4/26/2017,685,685,685,685,685,15.3
4/27/2017,680,680,670,673,673,7.65
4/28/2017,670,670,657,661,661,25.5
7/4/2017,640,645,640,642,642,43.35
7/5/2017,651,655,650,651,651,40.8
7/6/2017,650,661,650,657,657,38.25
7/7/2017,685,685,685,685,685,2.55
7/10/2017,660,660,660,660,660,2.55
7/11/2017,690,690,690,690,690,15.3
7/12/2017,700,700,700,700,700,5.1
7/13/2017,705,705,705,705,705,5.1
7/14/2017,700,705,700,702,702,12.75
7/18/2017,750,750,749,750,750,25.5
7/19/2017,788,788,788,788,788,5.1
7/20/2017,828,828,828,828,828,5.1
7/21/2017,756,756,756,756,756,12.75
7/25/2017,785,785,785,785,785,15.3
7/26/2017,785,785,785,785,785,12.75
7/27/2017,825,825,800,812,812,25.5
7/31/2017,880,880,880,880,880,10.2
8/3/2017,860,860,860,860,860,7.65
8/7/2017,946,946,946,946,946,10.2
8/9/2017,861,861,861,861,861,7.65
8/10/2017,826,905,826,883,883,28.05
8/11/2017,928,928,928,928,928,7.65
8/15/2017,1021,1021,1021,1021,1021,5.1
8/16/2017,975,975,969,972,972,21.3
8/18/2017,874,980,874,887,887,40.24
8/21/2017,880,932,869,885,885,28.25
8/22/2017,865,918,853,879,879,48.06
8/23/2017,892,892,864,881,881,30.21
8/24/2017,926,926,926,926,926,15.3
8/25/2017,913,913,913,913,913,12.75
8/28/2017,930,959,930,941,941,13.67
8/29/2017,912,936,910,920,920,33.8
8/30/2017,966,966,966,966,966,17.85
8/31/2017,950,960,950,954,954,17.85
9/4/2017,906,952,906,934,934,12.75
9/7/2017,1028,1028,1028,1028,1028,33.15
9/8/2017,1050,1050,1050,1050,1050,7.65
9/13/2017,961,961,961,961,961,5.1
9/18/2017,930,930,930,930,930,10.2
9/20/2017,1023,1023,1023,1023,1023,5.1
9/21/2017,1075,1075,1075,1075,1075,7.65
9/22/2017,1082,1082,1082,1082,1082,5.1
9/25/2017,1062,1062,1045,1056,1056,15.3
9/26/2017,1051,1051,1051,1051,1051,5.1
9/29/2017,1035,1035,1035,1035,1035,5.1
10/2/2017,1025,1025,1005,1012,1012,35.7
10/3/2017,1063,1063,961,1022,1022,25.5
10/4/2017,1074,1074,1074,1074,1074,10.2
10/5/2017,1076,1076,1020,1042,1042,30.12
10/6/2017,1095,1095,1033,1053,1053,20.4
10/9/2017,1031,1031,1000,1017,1017,15.3
10/10/2017,1045,1045,966,1013,1013,12.75
10/11/2017,1061,1061,1061,1061,1061,7.65
10/12/2017,1045,1045,1007,1026,1026,10.2
10/13/2017,1062,1062,1062,1062,1062,7.65
10/16/2017,1067,1075,1037,1060,1060,22.95
10/19/2017,976,979,954,967,967,38.95
10/24/2017,870,870,870,870,870,7.65
10/25/2017,835,835,835,835,835,12.75
10/26/2017,877,877,877,877,877,15.3
10/27/2017,896,896,896,896,896,7.65
10/30/2017,863,863,851,857,857,21.3
10/31/2017,855,861,830,844,844,30.6
11/1/2017,887,887,887,887,887,5.1
11/6/2017,862,890,862,873,873,12.75
11/7/2017,917,917,917,917,917,5.1
11/8/2017,894,950,894,929,929,35.41
11/9/2017,976,976,960,970,970,19.04
11/10/2017,921,921,921,921,921,5.1
11/13/2017,941,968,941,963,963,25.5
11/16/2017,893,893,893,893,893,9.42
11/17/2017,913,914,913,913,913,15.3
11/20/2017,880,880,867,871,871,27.54
11/21/2017,865,865,830,843,843,39.66
11/22/2017,840,840,820,830,830,30.6
11/23/2017,841,845,788,825,825,35.7
11/28/2017,770,770,770,770,770,7.65
11/29/2017,780,809,770,788,788,33.15
3/1/2018,717,717,717,717,717,15.3
3/5/2018,681,753,681,713,713,53.33
3/6/2018,749,749,700,740,740,25.28
3/7/2018,715,753,710,720,720,25.94
3/8/2018,700,700,695,698,698,22.95
3/9/2018,685,733,685,717,717,26.89
3/12/2018,753,753,701,747,747,43.35
3/13/2018,785,785,724,766,766,59.76
3/14/2018,750,750,735,743,743,15.3
3/15/2018,781,781,781,781,781,4.49
3/16/2018,821,821,821,821,821,29.5
3/19/2018,863,863,863,863,863,15.3
3/21/2018,776,776,776,776,776,3.4
3/22/2018,760,787,760,775,775,17.39
3/23/2018,755,814,755,795,795,15.81
3/27/2018,750,780,750,767,767,13.82
3/28/2018,806,806,806,806,806,5.1
3/29/2018,847,847,847,847,847,7.65
3/30/2018,804,804,804,804,804,7.65
4/2/2018,845,845,800,835,835,35.7
4/3/2018,820,877,800,828,828,43.35
4/4/2018,820,820,820,820,820,5.1
4/5/2018,811,811,811,811,811,7.65
4/9/2018,775,775,775,775,775,10.2
4/10/2018,745,745,745,745,745,7.65
4/11/2018,745,745,738,741,741,12.75
4/11/2018,721,783,721,752,752,15.3
4/12/2018,730,730,730,730,730,6.66
4/12/2018,790,790,733,758,758,17.85
4/13/2018,740,740,740,740,740,4.88
4/13/2018,720,720,720,720,720,15.3
4/16/2018,710,710,710,710,710,15.3
4/16/2018,756,756,756,756,756,7.65
4/17/2018,730,731,718,726,726,64.53
4/23/2018,642,642,642,642,642,7.65
4/23/2018,799,799,693,736,736,40.8
4/24/2018,736,773,700,726,726,36.3
4/25/2018,745,760,745,755,755,15.01
4/26/2018,740,740,735,738,738,8.64
4/30/2018,750,750,696,723,723,15.3
5/2/2018,712,712,686,692,692,27.49
5/3/2018,680,680,680,680,680,7.65
5/4/2018,714,714,714,714,714,5.1
5/7/2018,750,750,750,750,750,7.65
5/8/2018,788,788,750,781,781,28.05
5/10/2018,765,765,722,745,745,22.64
5/11/2018,783,783,783,783,783,7.65
5/11/2018,783,783,783,783,783,30.31
5/14/2018,780,780,780,780,780,7.65
5/15/2018,772,782,772,777,777,15.3
5/16/2018,816,816,761,794,794,29.1
5/17/2018,834,834,834,834,834,5.1
5/18/2018,792,813,792,801,801,28.05
5/21/2018,768,768,768,768,768,5.1
5/22/2018,807,807,807,807,807,22.95
5/23/2018,768,800,768,783,783,22.54
5/24/2018,781,781,770,777,777,22.95
5/25/2018,786,816,786,801,801,14.99
5/29/2018,792,842,785,813,813,37.79
5/30/2018,801,854,792,833,833,48.45
6/1/2018,820,840,820,829,829,21.59
6/4/2018,850,871,821,848,848,30.6
6/5/2018,812,891,805,836,836,65.01
6/6/2018,838,878,811,840,840,33.15
6/7/2018,800,800,800,800,800,10.2
6/8/2018,840,840,803,825,825,12.75
6/11/2018,810,810,783,799,799,38.61
6/12/2018,811,839,759,820,820,88.26
6/13/2018,780,861,780,797,797,60.83
6/14/2018,770,810,757,771,771,43.35
6/18/2018,741,810,741,764,764,28.05
6/19/2018,803,803,803,803,803,15.3
6/20/2018,844,844,765,806,806,43.83
6/21/2018,847,847,800,841,841,86.7
6/22/2018,810,832,800,818,818,40.8
6/25/2018,859,859,800,826,826,48.21
6/26/2018,868,868,785,830,830,81.19
6/27/2018,872,872,840,860,860,38.25
6/28/2018,850,850,817,836,836,30.6
6/29/2018,836,836,795,822,822,22.95
7/2/2018,810,810,790,798,798,12.75
7/3/2018,765,815,765,790,790,33.15
7/4/2018,821,830,750,809,809,68.73
7/5/2018,830,830,771,810,810,36.14
7/6/2018,806,806,800,803,803,24.62
7/9/2018,762,762,762,762,762,15.3
7/10/2018,801,801,801,801,801,22.95
7/11/2018,842,842,842,842,842,30.6
7/12/2018,820,885,820,873,873,40.65
7/13/2018,917,917,837,893,893,39.63
7/16/2018,938,938,892,912,912,17.29
7/17/2018,931,958,931,944,944,15.62
7/18/2018,946,946,946,946,946,7.65
7/19/2018,905,994,903,946,946,38.25
7/20/2018,931,994,898,928,928,52.67
7/23/2018,911,947,911,926,926,13.21
7/24/2018,930,944,920,935,935,37.76
7/25/2018,890,982,890,953,953,16.25
7/26/2018,937,1001,908,941,941,86.7
7/27/2018,906,906,906,906,906,7.65
7/30/2018,920,952,910,931,931,72.34
7/31/2018,978,978,885,951,951,70.89
8/1/2018,966,966,930,952,952,12.75
8/2/2018,1000,1000,1000,1000,1000,39.81
8/3/2018,953,1006,953,983,983,22.71
8/6/2018,981,981,941,957,957,12.75
8/7/2018,980,1005,929,971,971,22.95
8/8/2018,941,965,933,947,947,50.39
8/9/2018,995,995,950,970,970,28.05
8/10/2018,956,1019,956,995,995,20.4
8/13/2018,945,1045,945,1006,1006,25.5
8/14/2018,980,985,955,976,976,38.25
8/15/2018,1025,1025,927,957,957,56.1
8/16/2018,953,953,920,942,942,38.25
8/17/2018,949,966,894,922,922,43.35
8/20/2018,969,969,948,967,967,56.1
8/22/2018,920,1016,918,947,947,45.9
8/23/2018,920,925,920,923,923,10.2
8/24/2018,952,970,924,950,950,27.81
8/27/2018,926,998,920,934,934,37.88
8/28/2018,900,981,900,957,957,12.82
8/29/2018,931,1005,917,953,953,28.05
8/30/2018,908,1001,905,961,961,48.45
8/31/2018,915,1010,912,939,939,53.43
9/3/2018,906,926,892,906,906,35.29
9/4/2018,861,952,861,915,915,67.75
9/5/2018,896,961,876,901,901,51.85
9/6/2018,947,947,862,914,914,48.89
9/7/2018,870,960,868,903,903,48.45
9/10/2018,890,900,880,886,886,58.23
9/12/2018,892,931,892,911,911,15.3
9/13/2018,900,957,865,910,910,65.69
9/14/2018,956,956,936,944,944,25.5
9/17/2018,926,992,926,964,964,17.85
9/18/2018,970,1013,970,996,996,12.75
9/19/2018,951,992,946,956,956,45.9
9/20/2018,908,976,908,927,927,63.34
9/21/2018,930,951,908,927,927,51
9/24/2018,908,974,908,945,945,38.25
9/25/2018,920,922,912,918,918,33.15
9/26/2018,906,964,906,926,926,57.85
9/28/2018,973,973,903,930,930,40.8
10/1/2018,912,977,892,940,940,58.65
10/2/2018,987,987,916,974,974,96.22
10/3/2018,1023,1023,925,972,972,14.65
10/4/2018,951,1021,941,990,990,42.72
10/5/2018,946,1000,946,960,960,10.2
10/8/2018,1008,1008,912,992,992,30.6
10/9/2018,1042,1042,942,1004,1004,20.4
10/10/2018,953,955,953,954,954,28.05
10/11/2018,965,966,950,956,956,33.15
10/12/2018,930,930,924,926,926,22.95
10/15/2018,879,945,879,895,895,61.2
10/16/2018,940,940,878,919,919,40.04
10/17/2018,890,892,880,886,886,30.6
10/18/2018,931,931,931,931,931,13.72
10/19/2018,885,978,885,934,934,17.85
10/22/2018,981,981,981,981,981,7.65
10/23/2018,1031,1031,950,990,990,20.4
10/24/2018,940,940,940,940,940,7.65
10/25/2018,987,987,987,987,987,10.2
10/26/2018,956,956,945,951,951,20.4
10/29/2018,940,940,940,940,940,17.85
10/30/2018,987,987,900,930,930,38.28
10/31/2018,951,977,951,969,969,16.17
11/1/2018,953,953,953,953,953,5.1
11/2/2018,1001,1001,1001,1001,1001,14.94
11/7/2018,900,900,900,900,900,10.2
11/8/2018,870,901,863,880,880,35.7
11/9/2018,871,875,871,873,873,12.27
11/12/2018,835,846,830,837,837,27
11/13/2018,879,879,795,826,826,37.55
11/14/2018,820,841,785,815,815,30.6
11/15/2018,856,856,856,856,856,5.1
11/16/2018,815,815,815,815,815,7.65
11/19/2018,779,795,779,786,786,38.88
11/21/2018,760,760,749,755,755,17.85
11/22/2018,793,793,717,765,765,48.45
11/23/2018,763,804,726,748,748,49.49
11/26/2018,786,786,710,740,740,66.62
11/27/2018,777,777,777,777,777,12.75
11/28/2018,738,816,738,777,777,15.3
11/29/2018,738,738,738,738,738,10.2
11/30/2018,775,775,736,763,763,47.09
12/3/2018,802,802,802,802,802,15.3
12/6/2018,721,721,721,721,721,15.3
12/7/2018,711,711,711,711,711,10.2
12/10/2018,710,710,710,710,710,7.65
12/11/2018,702,712,702,704,704,34.22
12/12/2018,721,721,721,721,721,7.65
12/13/2018,735,744,735,739,739,15.3
12/18/2018,790,790,790,790,790,7.65
12/24/2018,869,869,869,869,869,3.4
12/26/2018,956,956,956,956,956,2.87
